Word,PI Score,Tf-Idf,Loc Ind
tency,1.0,0.37633547469572026,0 0 0
appear,0.809424160852,0.3055944519335708,0 0 2
birth,0.333333333333,0.22604342798887084,0 0 7
Nature,0.702631510272,0.2580600205444492,0 0 9
